임시일련번호,이름,핸드폰번호,나이,출생도시,출생년도,소득금액,직업,추가컬럼1,추가컬럼2,추가컬럼3,추가컬럼4,추가컬럼5,추가컬럼6,추가컬럼7,추가컬럼8,추가컬럼9,추가컬럼10,추가컬럼11,추가컬럼12,추가컬럼13,추가컬럼14,추가컬럼15,추가컬럼16,추가컬럼17
6b86b273ff34fce19d6b804eff5a3f5747ada4eaa22f1d49c01e52ddb7875b4b,변보후,010-6980-8154,36,울산,1974,226000,기상정보회사,드레이프,단종,29175000000,페트로브라스,2163000000,서울시 강남구 청담동,충청남도 천안시,씨티그룹,1845000000,92000000,레바논,씰,24000000,에스토니아,외국인유학생상해보험,에티오피아,존슨앤드존슨
4e07408562bedb8b60ce05c1decfe3ad16b72230967de01f640b7e4729b49fce,추달묵,010-5120-5350,37,부산,1978,71000,비서,숄,백결 선생,1947000000,JP모건 체이스,210000000,전라남도 무안시,서울시 금천구,페이스북,31246000000,454000000,아랍에미리트,라피스,21000000,루마니아,세이프상해보험,대한민국,인텔
ef2d127de37b942baad06145e54b0c619a1f22327b2ebbcfbec78f5564afe39d,방번궁,010-3903-2061,50,서울,1952,989000,변리사,메디치,태종,1224000000,노바티스,513000000,경기도 양평군,전라남도 광양군,중국은행,2058000000,674000000,폴란드,아스텔리아,224000000,기니,주택화재보험,소말리아,인텔
7902699be42c8a8e46fbbb4501726517e86b22c56a189f7625a6da49081b2451,이얀,010-6729-9096,35,서울,1977,198000,외환딜러,윙 팁,조통,1633000000,골드만삭스,33454000000,서울시 서대문구,서울시 강동구 성내동,산탄데르 은행,1431000000,47000000,과테말라,아스텔리아,75000000,라오스,주택화재보험,베냉,페트로차이나
19581e27de7ced00ff1ce50b2047e7a567c76b1cbaebabe5ef03f7c3017bb5b7,공송수,010-7310-7299,45,경남,1985,445000,비디오촬영기사,윙 팁,서희,1532000000,페이스북,311000000,서울시 강남구 도곡동,경기도 평택시,화이자,715000000,154000000,칠레,길드워,75000000,그레나다,국내여행보험,몰도바,골드만삭스
4fc82b26aecb47d2868c4efbe3581732a3e7cbcc6c2efb32062c08170a05eeb8,한별낙,010-3230-5861,31,서울,1996,689000,주택관리사,셔츠,이개,210000000,페이스북,26134000000,경기도 고양시,충청남도 홍성군,골드만삭스,35674000000,1254000000,도미니카,뮤,47000000,카타르,농업안전보험,아이티,로열 더치 쉘
3fdba35f04dc8c462986c992bcf875546257113072a909c162f7e470e581e278,주욱형,010-7959-9325,44,대전,1988,199000,항공정비사,만다린,권율,1532000000,HSBC,715000000,경기도 시흥시,전라남도 나주시,쉐브론,715000000,14000000,나이지리아,아스텔리아,1254000000,말리,세이프상해보험,에리트레아,폭스바겐
e629fa6598d732768f7c726b4b621285f9c3b85303900aa912017db7617d8bdb,표묵제,010-7097-9362,35,부산,1999,961000,자동차세일즈맨,윙,혁거세,31246000000,노바티스,311000000,충청북도 청주시,서울시 강남구 삼성동,가즈프롬,921000000,20000000,세이셀,라피스,10000000,기니비사우,주택종합보험,멕시코,토탈
4523540f1504cd17100c4835e85b7eefd49911580f8efff0599a8f283be6b9e3,구하준,010-5454-9365,40,서울,1997,257000,사회복지사,스카프 타이,함순,513000000,텐센트,2275000000,전라남도 무안시,경기도 안양시,페트로차이나,820000000,454000000,요르단,아틀란티카,12000000,카보베르데,국내여행보험,오스트레일리아,제너럴 일렉트릭
9400f1b21cb527d7fa3d3eabba93557a18ebe7a2ca4e471cfe5e4c5b4ca7f767,서선광,010-6532-0276,39,경기,1979,807000,시스템엔지니어,스카프 타이,이사부,2492000000,알리안츠,30224000000,경기도 양주시,전라북도 고창군,ICBC,26134000000,12000000,레바논,구룡쟁패,92000000,온두라스,플러스상해보험,아르헨티나,릴라이언스 인더스티리즈
